account_id,customer_id,account_type,currency,opened_date,status
A2000,C1380,SAVINGS,EUR,2022-11-30,ACTIVE
A2001,C1402,CARD,USD,2023-02-06,ACTIVE
A2002,C1035,SAVINGS,EUR,2024-07-17,CLOSED
A2003,C1284,CARD,USD,2023-09-03,ACTIVE
A2004,C1187,CARD,EUR,2023-01-04,ACTIVE
A2005,C1081,CARD,GBP,2024-02-19,ACTIVE
A2006,C1001,SAVINGS,GBP,2025-04-05,CLOSED
A2007,C1384,CARD,GBP,2025-04-18,ACTIVE
A2008,C1302,CARD,GBP,2025-03-21,ACTIVE
A2009,C1196,CARD,USD,2024-05-16,ACTIVE
A2010,C1403,CARD,EUR,2024-01-28,ACTIVE
A2011,C1010,SAVINGS,USD,2022-10-24,ACTIVE
A2012,C1233,CARD,GBP,2025-05-20,CLOSED
A2013,C1385,LOAN,USD,2023-11-06,ACTIVE
A2014,C1194,CARD,EUR,2024-08-07,ACTIVE
A2015,C1470,CARD,USD,2024-10-09,ACTIVE
A2016,C1118,SAVINGS,EUR,2023-08-28,ACTIVE
A2017,C1395,CARD,USD,2024-03-13,ACTIVE
A2018,C1019,CARD,EUR,2025-01-14,CLOSED
A2019,C1260,CARD,EUR,2024-04-13,ACTIVE
A2020,C1292,SAVINGS,GBP,2024-07-09,ACTIVE
A2021,C1421,CARD,EUR,2023-06-23,ACTIVE
A2022,C1255,LOAN,GBP,2025-07-29,ACTIVE
A2023,C1221,LOAN,GBP,2025-03-06,ACTIVE
A2024,C1392,CARD,GBP,2025-06-30,ACTIVE
A2025,C1225,CARD,USD,2024-04-20,CLOSED
A2026,C1052,CARD,USD,2023-01-19,ACTIVE
A2027,C1427,CARD,USD,2025-04-25,ACTIVE
A2028,C1354,CARD,USD,2023-12-10,CLOSED
A2029,C1499,CARD,EUR,2023-09-25,ACTIVE
A2030,C1341,CARD,EUR,2022-12-31,ACTIVE
A2031,C1363,SAVINGS,USD,2023-01-13,ACTIVE
A2032,C1279,SAVINGS,EUR,2023-10-29,ACTIVE
A2033,C1080,SAVINGS,EUR,2023-05-05,ACTIVE
A2034,C1201,CARD,GBP,2024-04-20,ACTIVE
A2035,C1157,CARD,GBP,2025-05-19,ACTIVE
A2036,C1119,CARD,GBP,2023-05-05,ACTIVE
A2037,C1058,LOAN,GBP,2024-05-05,ACTIVE
A2038,C1493,CARD,EUR,2024-01-12,ACTIVE
A2039,C1214,SAVINGS,USD,2024-03-21,ACTIVE
A2040,C1127,CARD,EUR,2023-02-20,ACTIVE
A2041,C1223,CARD,EUR,2023-01-28,ACTIVE
A2042,C1208,SAVINGS,EUR,2022-09-16,CLOSED
A2043,C1369,CARD,GBP,2023-12-30,ACTIVE
A2044,C1114,SAVINGS,GBP,2024-07-29,ACTIVE
A2045,C1208,LOAN,GBP,2024-03-20,CLOSED
A2046,C1013,CARD,USD,2023-11-01,ACTIVE
A2047,C1008,CARD,EUR,2023-02-13,ACTIVE
A2048,C1039,CARD,USD,2023-04-01,ACTIVE
A2049,C1449,LOAN,GBP,2023-01-21,CLOSED
A2050,C1236,CARD,USD,2023-06-26,ACTIVE
A2051,C1280,CARD,EUR,2024-07-08,ACTIVE
A2052,C1358,CARD,EUR,2024-08-05,CLOSED
A2053,C1200,SAVINGS,GBP,2025-01-20,ACTIVE
A2054,C1245,CARD,GBP,2025-01-16,ACTIVE
A2055,C1277,SAVINGS,USD,2024-11-12,ACTIVE
A2056,C1234,LOAN,GBP,2024-06-02,ACTIVE
A2057,C1493,CARD,GBP,2023-02-15,ACTIVE
A2058,C1003,CARD,EUR,2022-10-18,ACTIVE
A2059,C1153,LOAN,GBP,2023-01-25,ACTIVE
A2060,C1441,CARD,GBP,2024-03-10,CLOSED
A2061,C1028,SAVINGS,EUR,2025-01-15,ACTIVE
A2062,C1108,CARD,EUR,2023-01-30,ACTIVE
A2063,C1097,CARD,USD,2025-03-23,ACTIVE
A2064,C1214,SAVINGS,GBP,2025-03-25,ACTIVE
A2065,C1292,CARD,EUR,2024-01-24,ACTIVE
A2066,C1074,CARD,USD,2024-04-28,ACTIVE
A2067,C1325,CARD,USD,2022-09-27,ACTIVE
A2068,C1145,CARD,GBP,2023-12-05,ACTIVE
A2069,C1127,CARD,GBP,2024-06-11,ACTIVE
A2070,C1340,CARD,USD,2024-05-02,ACTIVE
A2071,C1041,LOAN,EUR,2023-01-17,ACTIVE
A2072,C1355,CARD,USD,2025-01-24,ACTIVE
A2073,C1040,CARD,GBP,2023-09-20,ACTIVE
A2074,C1421,CARD,EUR,2025-02-12,ACTIVE
A2075,C1033,SAVINGS,EUR,2024-11-25,ACTIVE
A2076,C1016,CARD,USD,2023-05-29,CLOSED
A2077,C1164,LOAN,GBP,2025-08-07,ACTIVE
A2078,C1152,CARD,USD,2024-04-21,ACTIVE
A2079,C1485,CARD,USD,2023-05-29,ACTIVE
A2080,C1377,CARD,USD,2023-04-11,ACTIVE
A2081,C1075,CARD,EUR,2023-10-30,ACTIVE
A2082,C1086,CARD,EUR,2023-12-19,ACTIVE
A2083,C1116,CARD,GBP,2023-10-29,ACTIVE
A2084,C1361,SAVINGS,GBP,2024-10-13,CLOSED
A2085,C1341,CARD,USD,2023-04-22,ACTIVE
A2086,C1468,CARD,USD,2022-12-15,CLOSED
A2087,C1026,CARD,USD,2023-05-25,ACTIVE
A2088,C1312,SAVINGS,GBP,2024-07-14,ACTIVE
A2089,C1286,CARD,EUR,2023-11-10,ACTIVE
A2090,C1133,CARD,EUR,2024-06-23,ACTIVE
A2091,C1218,CARD,USD,2023-12-17,ACTIVE
A2092,C1167,SAVINGS,USD,2024-09-29,CLOSED
A2093,C1097,CARD,USD,2023-01-05,ACTIVE
A2094,C1267,CARD,USD,2024-03-21,ACTIVE
A2095,C1236,SAVINGS,GBP,2023-10-04,ACTIVE
A2096,C1308,SAVINGS,EUR,2023-09-26,ACTIVE
A2097,C1454,CARD,USD,2025-05-05,ACTIVE
A2098,C1393,SAVINGS,GBP,2024-10-17,ACTIVE
A2099,C1172,CARD,USD,2025-03-18,ACTIVE
A2100,C1400,CARD,USD,2025-04-22,ACTIVE
A2101,C1409,CARD,EUR,2023-07-08,ACTIVE
A2102,C1468,CARD,USD,2024-08-19,CLOSED
A2103,C1475,CARD,EUR,2023-02-21,ACTIVE
A2104,C1189,LOAN,EUR,2023-04-06,ACTIVE
A2105,C1121,CARD,EUR,2023-12-25,ACTIVE
A2106,C1045,CARD,GBP,2022-09-18,CLOSED
A2107,C1063,CARD,GBP,2024-05-14,ACTIVE
A2108,C1129,LOAN,EUR,2024-02-06,CLOSED
A2109,C1309,CARD,USD,2025-04-28,ACTIVE
A2110,C1362,CARD,EUR,2024-04-20,ACTIVE
A2111,C1192,CARD,USD,2024-02-01,ACTIVE
A2112,C1306,CARD,EUR,2024-07-22,CLOSED
A2113,C1180,LOAN,USD,2024-02-09,ACTIVE
A2114,C1291,LOAN,GBP,2024-07-07,ACTIVE
A2115,C1370,CARD,USD,2025-06-15,ACTIVE
A2116,C1281,LOAN,EUR,2025-03-19,ACTIVE
A2117,C1028,CARD,GBP,2023-04-07,ACTIVE
A2118,C1148,SAVINGS,USD,2023-12-18,ACTIVE
A2119,C1266,CARD,USD,2024-01-19,CLOSED
A2120,C1295,CARD,USD,2025-04-02,ACTIVE
A2121,C1010,CARD,USD,2025-08-23,ACTIVE
A2122,C1163,CARD,USD,2023-07-17,ACTIVE
A2123,C1112,CARD,GBP,2024-09-21,ACTIVE
A2124,C1186,CARD,GBP,2024-01-09,ACTIVE
A2125,C1294,CARD,GBP,2023-06-10,ACTIVE
A2126,C1231,SAVINGS,GBP,2024-05-18,ACTIVE
A2127,C1226,CARD,EUR,2024-01-16,CLOSED
A2128,C1309,CARD,GBP,2023-12-04,CLOSED
A2129,C1097,LOAN,USD,2025-08-22,ACTIVE
A2130,C1054,CARD,USD,2025-05-18,CLOSED
A2131,C1110,CARD,GBP,2024-10-09,ACTIVE
A2132,C1151,CARD,USD,2025-02-18,ACTIVE
A2133,C1245,SAVINGS,GBP,2023-09-19,ACTIVE
A2134,C1405,CARD,USD,2024-01-27,ACTIVE
A2135,C1068,CARD,EUR,2024-04-14,ACTIVE
A2136,C1311,SAVINGS,EUR,2023-11-17,CLOSED
A2137,C1288,LOAN,GBP,2024-05-10,ACTIVE
A2138,C1249,CARD,GBP,2024-03-28,CLOSED
A2139,C1035,CARD,GBP,2023-03-03,ACTIVE
A2140,C1238,CARD,USD,2025-01-30,ACTIVE
A2141,C1147,SAVINGS,GBP,2023-07-15,CLOSED
A2142,C1466,CARD,EUR,2025-03-15,ACTIVE
A2143,C1226,CARD,USD,2025-01-02,ACTIVE
A2144,C1243,LOAN,GBP,2023-06-14,ACTIVE
A2145,C1490,CARD,USD,2025-08-02,ACTIVE
A2146,C1336,CARD,USD,2025-01-09,ACTIVE
A2147,C1445,CARD,GBP,2022-10-19,ACTIVE
A2148,C1364,CARD,USD,2024-08-25,ACTIVE
A2149,C1490,CARD,EUR,2023-07-30,CLOSED
A2150,C1481,CARD,EUR,2024-07-20,ACTIVE
A2151,C1200,CARD,USD,2023-12-04,ACTIVE
A2152,C1153,CARD,GBP,2025-08-19,ACTIVE
A2153,C1449,LOAN,USD,2022-12-24,CLOSED
A2154,C1072,CARD,EUR,2024-06-04,ACTIVE
A2155,C1200,LOAN,USD,2025-07-19,ACTIVE
A2156,C1295,CARD,USD,2024-10-22,ACTIVE
A2157,C1016,SAVINGS,EUR,2023-04-12,ACTIVE
A2158,C1128,SAVINGS,USD,2025-05-18,ACTIVE
A2159,C1216,CARD,USD,2023-12-22,ACTIVE
A2160,C1060,SAVINGS,GBP,2023-09-18,ACTIVE
A2161,C1426,SAVINGS,GBP,2023-10-05,ACTIVE
A2162,C1103,CARD,EUR,2025-06-27,ACTIVE
A2163,C1041,CARD,EUR,2023-05-05,CLOSED
A2164,C1024,CARD,EUR,2024-06-26,CLOSED
A2165,C1038,SAVINGS,GBP,2024-04-15,ACTIVE
A2166,C1290,SAVINGS,EUR,2022-12-31,CLOSED
A2167,C1130,SAVINGS,EUR,2024-08-05,ACTIVE
A2168,C1497,CARD,EUR,2025-03-24,ACTIVE
A2169,C1228,SAVINGS,GBP,2024-09-21,ACTIVE
A2170,C1107,CARD,USD,2025-02-28,ACTIVE
A2171,C1171,CARD,EUR,2024-05-22,ACTIVE
A2172,C1434,CARD,USD,2024-12-16,CLOSED
A2173,C1477,CARD,EUR,2024-11-02,ACTIVE
A2174,C1101,CARD,USD,2025-08-17,CLOSED
A2175,C1353,CARD,GBP,2024-06-18,ACTIVE
A2176,C1011,CARD,GBP,2024-12-30,ACTIVE
A2177,C1274,CARD,EUR,2022-11-04,ACTIVE
A2178,C1100,CARD,USD,2024-03-19,ACTIVE
A2179,C1043,CARD,GBP,2025-09-01,ACTIVE
A2180,C1442,CARD,EUR,2024-12-20,ACTIVE
A2181,C1304,CARD,EUR,2025-03-18,ACTIVE
A2182,C1444,CARD,GBP,2025-05-26,ACTIVE
A2183,C1016,CARD,GBP,2023-01-18,ACTIVE
A2184,C1329,CARD,EUR,2023-02-24,ACTIVE
A2185,C1056,CARD,USD,2023-09-28,ACTIVE
A2186,C1310,CARD,USD,2025-06-25,ACTIVE
A2187,C1496,CARD,USD,2025-07-06,ACTIVE
A2188,C1302,SAVINGS,EUR,2024-03-12,ACTIVE
A2189,C1011,CARD,GBP,2023-05-24,CLOSED
A2190,C1317,CARD,EUR,2025-06-09,ACTIVE
A2191,C1079,CARD,GBP,2025-04-16,CLOSED
A2192,C1215,CARD,USD,2022-11-15,ACTIVE
A2193,C1338,CARD,USD,2025-01-29,CLOSED
A2194,C1263,CARD,GBP,2025-06-06,CLOSED
A2195,C1478,CARD,GBP,2025-07-26,ACTIVE
A2196,C1148,CARD,EUR,2025-06-08,ACTIVE
A2197,C1080,CARD,USD,2024-05-20,ACTIVE
A2198,C1214,SAVINGS,EUR,2024-02-05,ACTIVE
A2199,C1484,SAVINGS,EUR,2024-07-07,ACTIVE
A2200,C1373,SAVINGS,EUR,2023-02-19,ACTIVE
A2201,C1463,LOAN,USD,2022-09-24,ACTIVE
A2202,C1197,CARD,EUR,2023-02-08,ACTIVE
A2203,C1199,CARD,EUR,2023-10-14,ACTIVE
A2204,C1024,CARD,EUR,2023-08-18,ACTIVE
A2205,C1465,CARD,EUR,2024-11-09,CLOSED
A2206,C1088,SAVINGS,EUR,2024-11-21,ACTIVE
A2207,C1267,CARD,EUR,2025-01-21,ACTIVE
A2208,C1142,LOAN,USD,2025-02-25,ACTIVE
A2209,C1058,CARD,EUR,2025-08-11,ACTIVE
A2210,C1409,LOAN,GBP,2025-02-17,CLOSED
A2211,C1488,CARD,EUR,2023-08-17,CLOSED
A2212,C1364,CARD,EUR,2024-07-31,CLOSED
A2213,C1025,CARD,USD,2024-04-11,ACTIVE
A2214,C1046,CARD,USD,2024-05-07,ACTIVE
A2215,C1287,CARD,GBP,2024-08-27,ACTIVE
A2216,C1265,CARD,GBP,2025-07-29,ACTIVE
A2217,C1015,SAVINGS,USD,2025-03-10,CLOSED
A2218,C1198,CARD,USD,2025-08-15,ACTIVE
A2219,C1400,CARD,EUR,2024-10-24,ACTIVE
A2220,C1406,CARD,USD,2023-04-30,ACTIVE
A2221,C1281,SAVINGS,GBP,2024-02-25,ACTIVE
A2222,C1468,CARD,EUR,2022-10-16,ACTIVE
A2223,C1085,CARD,GBP,2024-09-26,ACTIVE
A2224,C1249,CARD,EUR,2023-02-17,ACTIVE
A2225,C1390,CARD,USD,2023-12-10,ACTIVE
A2226,C1269,CARD,GBP,2024-06-15,ACTIVE
A2227,C1334,CARD,EUR,2023-01-19,ACTIVE
A2228,C1116,CARD,EUR,2023-03-07,ACTIVE
A2229,C1006,SAVINGS,USD,2023-04-16,CLOSED
A2230,C1136,CARD,USD,2024-03-02,ACTIVE
A2231,C1370,CARD,USD,2024-01-05,ACTIVE
A2232,C1175,CARD,GBP,2024-02-22,ACTIVE
A2233,C1327,LOAN,EUR,2024-08-15,ACTIVE
A2234,C1497,CARD,USD,2023-07-26,CLOSED
A2235,C1314,SAVINGS,GBP,2024-11-25,ACTIVE
A2236,C1214,CARD,GBP,2024-09-27,ACTIVE
A2237,C1476,CARD,GBP,2024-03-02,ACTIVE
A2238,C1081,CARD,USD,2024-09-16,ACTIVE
A2239,C1222,LOAN,USD,2023-02-06,ACTIVE
A2240,C1477,CARD,EUR,2024-07-19,ACTIVE
A2241,C1371,SAVINGS,EUR,2025-08-25,ACTIVE
A2242,C1422,SAVINGS,USD,2024-08-10,ACTIVE
A2243,C1482,CARD,GBP,2024-01-16,ACTIVE
A2244,C1401,CARD,GBP,2022-12-21,CLOSED
A2245,C1442,CARD,GBP,2023-12-18,ACTIVE
A2246,C1489,CARD,EUR,2022-11-16,ACTIVE
A2247,C1102,SAVINGS,GBP,2023-03-05,ACTIVE
A2248,C1272,LOAN,EUR,2022-10-13,ACTIVE
A2249,C1013,CARD,EUR,2024-02-22,ACTIVE
A2250,C1158,CARD,GBP,2025-06-10,ACTIVE
A2251,C1151,SAVINGS,GBP,2023-02-24,ACTIVE
A2252,C1482,CARD,USD,2025-07-25,ACTIVE
A2253,C1107,SAVINGS,USD,2023-05-21,ACTIVE
A2254,C1187,CARD,GBP,2023-09-21,ACTIVE
A2255,C1300,CARD,EUR,2024-11-17,ACTIVE
A2256,C1097,CARD,EUR,2023-06-06,ACTIVE
A2257,C1130,CARD,EUR,2025-01-12,CLOSED
A2258,C1292,CARD,EUR,2023-05-14,ACTIVE
A2259,C1170,CARD,EUR,2024-02-04,ACTIVE
A2260,C1423,CARD,USD,2025-01-24,ACTIVE
A2261,C1473,SAVINGS,GBP,2024-07-01,ACTIVE
A2262,C1182,SAVINGS,USD,2024-08-25,ACTIVE
A2263,C1470,CARD,EUR,2023-09-03,ACTIVE
A2264,C1363,CARD,EUR,2024-05-29,ACTIVE
A2265,C1038,CARD,EUR,2025-05-13,ACTIVE
A2266,C1014,CARD,EUR,2023-06-21,ACTIVE
A2267,C1375,CARD,GBP,2023-06-24,ACTIVE
A2268,C1496,CARD,EUR,2025-05-29,ACTIVE
A2269,C1003,CARD,GBP,2025-06-25,CLOSED
A2270,C1348,CARD,EUR,2024-07-10,ACTIVE
A2271,C1469,CARD,GBP,2024-05-14,ACTIVE
A2272,C1408,CARD,USD,2022-10-23,ACTIVE
A2273,C1396,LOAN,EUR,2025-04-18,ACTIVE
A2274,C1209,CARD,GBP,2023-07-11,ACTIVE
A2275,C1160,CARD,USD,2024-08-06,ACTIVE
A2276,C1015,CARD,EUR,2025-03-15,ACTIVE
A2277,C1492,CARD,EUR,2024-07-06,ACTIVE
A2278,C1425,SAVINGS,EUR,2024-05-04,CLOSED
A2279,C1107,CARD,GBP,2022-09-14,ACTIVE
A2280,C1381,LOAN,GBP,2025-09-06,ACTIVE
A2281,C1449,CARD,USD,2023-08-07,ACTIVE
A2282,C1310,CARD,GBP,2023-07-24,ACTIVE
A2283,C1226,SAVINGS,GBP,2023-11-14,ACTIVE
A2284,C1169,CARD,EUR,2025-09-05,CLOSED
A2285,C1033,CARD,EUR,2022-12-14,ACTIVE
A2286,C1413,CARD,EUR,2025-02-20,ACTIVE
A2287,C1250,CARD,EUR,2023-02-13,ACTIVE
A2288,C1246,SAVINGS,EUR,2024-12-20,ACTIVE
A2289,C1268,CARD,EUR,2023-06-25,ACTIVE
A2290,C1140,CARD,EUR,2024-03-29,ACTIVE
A2291,C1273,CARD,USD,2024-01-27,ACTIVE
A2292,C1415,CARD,USD,2023-07-11,ACTIVE
A2293,C1095,CARD,USD,2024-08-18,ACTIVE
A2294,C1226,CARD,USD,2023-03-04,ACTIVE
A2295,C1378,CARD,EUR,2023-10-20,ACTIVE
A2296,C1038,SAVINGS,USD,2025-07-15,ACTIVE
A2297,C1301,CARD,EUR,2024-10-07,ACTIVE
A2298,C1499,CARD,USD,2024-12-05,ACTIVE
A2299,C1028,SAVINGS,GBP,2025-05-27,ACTIVE
A2300,C1445,CARD,USD,2024-01-07,CLOSED
A2301,C1496,CARD,USD,2025-03-23,ACTIVE
A2302,C1476,CARD,EUR,2024-05-03,ACTIVE
A2303,C1317,CARD,USD,2025-04-14,ACTIVE
A2304,C1244,CARD,GBP,2024-05-09,ACTIVE
A2305,C1235,LOAN,EUR,2025-03-07,ACTIVE
A2306,C1184,CARD,EUR,2023-03-04,ACTIVE
A2307,C1271,CARD,USD,2024-03-01,CLOSED
A2308,C1439,SAVINGS,EUR,2024-03-07,ACTIVE
A2309,C1235,CARD,EUR,2024-08-19,ACTIVE
A2310,C1238,CARD,EUR,2025-04-24,ACTIVE
A2311,C1376,CARD,EUR,2023-06-03,ACTIVE
A2312,C1265,LOAN,EUR,2025-07-20,ACTIVE
A2313,C1413,CARD,EUR,2023-12-14,ACTIVE
A2314,C1408,CARD,GBP,2025-04-19,ACTIVE
A2315,C1358,CARD,USD,2025-03-12,CLOSED
A2316,C1339,CARD,GBP,2023-01-17,ACTIVE
A2317,C1388,CARD,EUR,2025-07-18,ACTIVE
A2318,C1064,CARD,EUR,2023-04-04,ACTIVE
A2319,C1477,SAVINGS,USD,2024-01-07,ACTIVE
A2320,C1176,CARD,GBP,2023-03-10,ACTIVE
A2321,C1002,CARD,USD,2023-09-13,ACTIVE
A2322,C1428,SAVINGS,GBP,2023-12-26,ACTIVE
A2323,C1141,LOAN,EUR,2023-03-08,ACTIVE
A2324,C1375,CARD,USD,2023-06-19,ACTIVE
A2325,C1157,CARD,USD,2024-04-09,ACTIVE
A2326,C1497,CARD,EUR,2025-08-20,ACTIVE
A2327,C1323,LOAN,USD,2023-04-15,ACTIVE
A2328,C1145,LOAN,GBP,2024-11-09,ACTIVE
A2329,C1445,CARD,GBP,2024-05-03,ACTIVE
A2330,C1292,SAVINGS,GBP,2024-06-18,ACTIVE
A2331,C1152,CARD,GBP,2025-03-22,ACTIVE
A2332,C1431,CARD,EUR,2023-04-10,CLOSED
A2333,C1192,CARD,USD,2025-02-16,ACTIVE
A2334,C1436,SAVINGS,GBP,2024-04-26,ACTIVE
A2335,C1493,CARD,EUR,2024-06-26,ACTIVE
A2336,C1462,SAVINGS,USD,2023-06-23,ACTIVE
A2337,C1072,SAVINGS,USD,2024-10-03,ACTIVE
A2338,C1398,SAVINGS,EUR,2025-05-22,ACTIVE
A2339,C1304,CARD,EUR,2024-12-20,ACTIVE
A2340,C1376,CARD,GBP,2025-08-20,ACTIVE
A2341,C1343,CARD,USD,2025-06-06,ACTIVE
A2342,C1451,CARD,USD,2023-06-04,ACTIVE
A2343,C1139,CARD,EUR,2025-01-17,ACTIVE
A2344,C1186,LOAN,USD,2023-05-25,ACTIVE
A2345,C1292,CARD,GBP,2024-10-07,ACTIVE
A2346,C1060,CARD,USD,2023-11-30,ACTIVE
A2347,C1484,CARD,EUR,2023-04-13,ACTIVE
A2348,C1426,CARD,EUR,2023-06-25,ACTIVE
A2349,C1379,CARD,GBP,2024-01-09,CLOSED
A2350,C1197,CARD,GBP,2024-08-08,ACTIVE
A2351,C1294,LOAN,USD,2025-04-27,CLOSED
A2352,C1439,CARD,USD,2022-11-30,ACTIVE
A2353,C1318,LOAN,EUR,2024-03-18,CLOSED
A2354,C1301,SAVINGS,GBP,2022-09-22,ACTIVE
A2355,C1343,CARD,GBP,2024-09-29,ACTIVE
A2356,C1010,LOAN,GBP,2023-04-08,ACTIVE
A2357,C1061,CARD,USD,2023-07-08,ACTIVE
A2358,C1332,SAVINGS,GBP,2024-04-26,ACTIVE
A2359,C1225,CARD,EUR,2025-01-27,ACTIVE
A2360,C1152,SAVINGS,EUR,2024-11-01,ACTIVE
A2361,C1198,SAVINGS,USD,2025-06-18,ACTIVE
A2362,C1051,SAVINGS,USD,2024-10-15,CLOSED
A2363,C1259,SAVINGS,GBP,2024-06-04,CLOSED
A2364,C1058,CARD,USD,2025-08-06,CLOSED
A2365,C1071,CARD,EUR,2024-10-10,ACTIVE
A2366,C1147,CARD,GBP,2024-06-14,ACTIVE
A2367,C1348,CARD,EUR,2024-07-28,ACTIVE
A2368,C1062,CARD,GBP,2024-10-06,ACTIVE
A2369,C1309,CARD,USD,2023-05-25,ACTIVE
A2370,C1372,LOAN,GBP,2023-01-14,ACTIVE
A2371,C1242,CARD,GBP,2025-02-02,ACTIVE
A2372,C1492,SAVINGS,EUR,2022-10-25,ACTIVE
A2373,C1365,CARD,EUR,2023-08-16,CLOSED
A2374,C1329,SAVINGS,GBP,2023-12-05,ACTIVE
A2375,C1106,LOAN,USD,2022-10-28,CLOSED
A2376,C1225,CARD,USD,2023-11-08,ACTIVE
A2377,C1312,CARD,EUR,2023-08-23,ACTIVE
A2378,C1217,SAVINGS,USD,2024-12-21,ACTIVE
A2379,C1424,CARD,EUR,2023-11-30,ACTIVE
A2380,C1240,CARD,USD,2023-05-27,ACTIVE
A2381,C1258,CARD,GBP,2024-08-18,ACTIVE
A2382,C1375,CARD,EUR,2025-02-02,ACTIVE
A2383,C1261,CARD,EUR,2024-10-16,ACTIVE
A2384,C1004,CARD,GBP,2025-01-08,ACTIVE
A2385,C1260,CARD,EUR,2024-11-09,CLOSED
A2386,C1053,CARD,USD,2023-03-02,ACTIVE
A2387,C1046,LOAN,USD,2025-02-13,ACTIVE
A2388,C1214,CARD,EUR,2023-03-04,ACTIVE
A2389,C1176,LOAN,USD,2023-10-29,ACTIVE
A2390,C1008,CARD,EUR,2024-12-29,ACTIVE
A2391,C1098,CARD,GBP,2024-03-30,ACTIVE
A2392,C1019,CARD,EUR,2024-12-28,CLOSED
A2393,C1377,CARD,GBP,2022-11-11,ACTIVE
A2394,C1240,CARD,USD,2024-07-24,CLOSED
A2395,C1060,CARD,GBP,2025-01-03,CLOSED
A2396,C1378,CARD,USD,2023-08-13,ACTIVE
A2397,C1489,CARD,EUR,2024-06-29,ACTIVE
A2398,C1418,CARD,USD,2023-02-14,CLOSED
A2399,C1177,CARD,EUR,2025-06-19,ACTIVE
A2400,C1337,CARD,EUR,2023-09-27,ACTIVE
A2401,C1061,SAVINGS,GBP,2023-12-14,CLOSED
A2402,C1144,CARD,GBP,2022-10-28,ACTIVE
A2403,C1215,CARD,GBP,2024-08-06,ACTIVE
A2404,C1002,LOAN,GBP,2023-10-21,ACTIVE
A2405,C1159,CARD,USD,2024-03-02,ACTIVE
A2406,C1226,CARD,USD,2023-01-21,ACTIVE
A2407,C1485,LOAN,USD,2024-07-21,ACTIVE
A2408,C1268,CARD,EUR,2023-03-09,ACTIVE
A2409,C1119,CARD,USD,2023-09-11,ACTIVE
A2410,C1380,CARD,USD,2023-07-31,ACTIVE
A2411,C1494,CARD,USD,2025-03-09,ACTIVE
A2412,C1088,CARD,GBP,2025-08-13,ACTIVE
A2413,C1328,CARD,USD,2024-03-05,ACTIVE
A2414,C1067,CARD,EUR,2025-04-13,ACTIVE
A2415,C1397,CARD,GBP,2025-05-17,ACTIVE
A2416,C1356,LOAN,EUR,2024-07-04,ACTIVE
A2417,C1097,SAVINGS,USD,2023-05-23,CLOSED
A2418,C1266,CARD,GBP,2025-04-22,ACTIVE
A2419,C1104,CARD,EUR,2023-04-12,ACTIVE
A2420,C1439,CARD,USD,2023-07-25,ACTIVE
A2421,C1322,CARD,EUR,2023-07-26,ACTIVE
A2422,C1122,CARD,EUR,2022-12-09,ACTIVE
A2423,C1475,CARD,EUR,2025-02-09,ACTIVE
A2424,C1028,SAVINGS,USD,2024-03-05,ACTIVE
A2425,C1136,CARD,USD,2024-12-12,ACTIVE
A2426,C1194,CARD,EUR,2023-11-18,ACTIVE
A2427,C1408,CARD,GBP,2025-03-23,ACTIVE
A2428,C1225,CARD,GBP,2024-12-22,ACTIVE
A2429,C1331,SAVINGS,USD,2023-05-27,ACTIVE
A2430,C1169,SAVINGS,USD,2024-01-23,ACTIVE
A2431,C1008,SAVINGS,USD,2025-09-05,ACTIVE
A2432,C1462,CARD,USD,2023-12-06,ACTIVE
A2433,C1039,CARD,USD,2023-12-01,ACTIVE
A2434,C1024,CARD,GBP,2025-02-13,ACTIVE
A2435,C1260,CARD,USD,2023-10-28,ACTIVE
A2436,C1394,CARD,EUR,2024-11-15,ACTIVE
A2437,C1442,SAVINGS,EUR,2025-07-29,ACTIVE
A2438,C1225,CARD,GBP,2023-02-02,ACTIVE
A2439,C1471,CARD,EUR,2023-04-06,CLOSED
A2440,C1123,CARD,GBP,2024-06-08,ACTIVE
A2441,C1462,CARD,GBP,2022-12-09,ACTIVE
A2442,C1037,CARD,EUR,2023-11-12,ACTIVE
A2443,C1327,LOAN,USD,2025-06-22,ACTIVE
A2444,C1250,SAVINGS,EUR,2023-03-24,ACTIVE
A2445,C1388,LOAN,EUR,2025-09-01,ACTIVE
A2446,C1175,CARD,GBP,2023-04-02,ACTIVE
A2447,C1089,CARD,EUR,2023-09-30,CLOSED
A2448,C1401,CARD,GBP,2023-04-23,ACTIVE
A2449,C1453,CARD,USD,2024-01-21,CLOSED
A2450,C1036,SAVINGS,USD,2023-09-27,ACTIVE
A2451,C1315,CARD,USD,2025-07-24,ACTIVE
A2452,C1175,CARD,EUR,2024-05-10,ACTIVE
A2453,C1460,CARD,GBP,2024-10-07,ACTIVE
A2454,C1283,CARD,USD,2023-04-16,ACTIVE
A2455,C1452,SAVINGS,GBP,2025-02-20,ACTIVE
A2456,C1460,CARD,GBP,2025-05-17,ACTIVE
A2457,C1080,CARD,USD,2023-10-30,ACTIVE
A2458,C1113,CARD,USD,2025-05-10,ACTIVE
A2459,C1039,CARD,GBP,2024-06-12,CLOSED
A2460,C1300,SAVINGS,USD,2024-04-12,ACTIVE
A2461,C1223,SAVINGS,GBP,2024-08-10,ACTIVE
A2462,C1317,LOAN,GBP,2023-01-03,CLOSED
A2463,C1348,SAVINGS,USD,2025-05-19,ACTIVE
A2464,C1114,CARD,EUR,2023-01-30,ACTIVE
A2465,C1185,CARD,USD,2024-05-25,ACTIVE
A2466,C1322,CARD,EUR,2024-11-16,CLOSED
A2467,C1055,CARD,GBP,2023-11-14,ACTIVE
A2468,C1039,SAVINGS,GBP,2025-08-22,ACTIVE
A2469,C1353,CARD,EUR,2024-04-03,ACTIVE
A2470,C1039,LOAN,GBP,2024-08-14,ACTIVE
A2471,C1346,CARD,EUR,2024-10-05,ACTIVE
A2472,C1460,CARD,EUR,2024-01-29,ACTIVE
A2473,C1236,CARD,GBP,2025-02-28,ACTIVE
A2474,C1288,SAVINGS,EUR,2022-09-11,ACTIVE
A2475,C1261,CARD,USD,2023-01-30,CLOSED
A2476,C1215,CARD,USD,2024-08-20,ACTIVE
A2477,C1146,CARD,GBP,2025-05-21,ACTIVE
A2478,C1335,CARD,GBP,2025-07-05,ACTIVE
A2479,C1167,CARD,EUR,2025-08-26,ACTIVE
A2480,C1091,SAVINGS,EUR,2024-03-17,CLOSED
A2481,C1352,CARD,EUR,2022-12-15,ACTIVE
A2482,C1058,CARD,EUR,2024-12-16,ACTIVE
A2483,C1058,CARD,USD,2024-05-17,ACTIVE
A2484,C1303,CARD,USD,2023-08-12,ACTIVE
A2485,C1168,SAVINGS,GBP,2024-07-06,ACTIVE
A2486,C1268,CARD,EUR,2023-08-03,ACTIVE
A2487,C1362,CARD,EUR,2024-10-15,ACTIVE
A2488,C1044,CARD,GBP,2023-10-30,CLOSED
A2489,C1344,LOAN,EUR,2024-01-22,ACTIVE
A2490,C1180,SAVINGS,EUR,2023-11-22,ACTIVE
A2491,C1169,CARD,EUR,2024-02-14,ACTIVE
A2492,C1355,CARD,EUR,2025-01-05,ACTIVE
A2493,C1190,CARD,EUR,2025-02-21,ACTIVE
A2494,C1154,SAVINGS,GBP,2023-03-29,ACTIVE
A2495,C1421,CARD,EUR,2025-02-03,ACTIVE
A2496,C1187,CARD,GBP,2024-09-30,CLOSED
A2497,C1006,CARD,EUR,2024-02-23,ACTIVE
A2498,C1132,CARD,USD,2025-08-03,ACTIVE
A2499,C1234,CARD,USD,2022-11-22,ACTIVE
A2500,C1044,SAVINGS,USD,2022-11-18,ACTIVE
A2501,C1313,CARD,USD,2023-02-09,ACTIVE
A2502,C1248,CARD,GBP,2025-05-07,ACTIVE
A2503,C1498,CARD,GBP,2024-08-21,CLOSED
A2504,C1030,LOAN,EUR,2022-10-03,CLOSED
A2505,C1022,CARD,USD,2023-03-19,CLOSED
A2506,C1425,SAVINGS,GBP,2023-05-11,ACTIVE
A2507,C1393,CARD,EUR,2024-07-24,ACTIVE
A2508,C1159,CARD,EUR,2024-08-17,ACTIVE
A2509,C1362,CARD,GBP,2022-09-09,CLOSED
A2510,C1436,CARD,USD,2024-07-03,ACTIVE
A2511,C1157,CARD,EUR,2023-07-19,ACTIVE
A2512,C1038,SAVINGS,USD,2025-08-12,ACTIVE
A2513,C1414,CARD,USD,2023-03-31,ACTIVE
A2514,C1081,CARD,USD,2025-06-13,ACTIVE
A2515,C1355,CARD,EUR,2023-12-20,ACTIVE
A2516,C1257,LOAN,USD,2023-05-12,ACTIVE
A2517,C1205,SAVINGS,EUR,2023-11-07,ACTIVE
A2518,C1076,CARD,USD,2023-01-30,ACTIVE
A2519,C1476,LOAN,EUR,2025-06-20,ACTIVE
A2520,C1011,CARD,USD,2024-03-20,ACTIVE
A2521,C1294,CARD,GBP,2023-10-01,ACTIVE
A2522,C1449,SAVINGS,USD,2023-01-14,ACTIVE
A2523,C1223,SAVINGS,USD,2024-04-07,ACTIVE
A2524,C1012,CARD,EUR,2025-07-06,ACTIVE
A2525,C1045,CARD,EUR,2025-06-12,ACTIVE
A2526,C1154,CARD,USD,2023-05-23,ACTIVE
A2527,C1112,LOAN,GBP,2022-11-27,ACTIVE
A2528,C1232,CARD,GBP,2024-05-15,ACTIVE
A2529,C1016,CARD,EUR,2025-05-06,ACTIVE
A2530,C1359,CARD,GBP,2023-12-26,CLOSED
A2531,C1222,CARD,USD,2025-08-29,ACTIVE
A2532,C1353,CARD,EUR,2023-09-06,ACTIVE
A2533,C1187,LOAN,USD,2024-07-05,ACTIVE
A2534,C1447,CARD,EUR,2025-06-22,CLOSED
A2535,C1343,CARD,EUR,2023-01-27,ACTIVE
A2536,C1364,CARD,EUR,2025-09-05,ACTIVE
A2537,C1162,SAVINGS,EUR,2023-02-02,ACTIVE
A2538,C1495,CARD,GBP,2022-09-09,ACTIVE
A2539,C1325,CARD,USD,2023-08-05,ACTIVE
A2540,C1466,SAVINGS,USD,2024-09-17,ACTIVE
A2541,C1413,SAVINGS,USD,2023-01-07,CLOSED
A2542,C1454,SAVINGS,EUR,2023-04-02,ACTIVE
A2543,C1073,LOAN,GBP,2025-03-18,ACTIVE
A2544,C1232,CARD,USD,2023-08-25,ACTIVE
A2545,C1223,SAVINGS,GBP,2024-11-22,ACTIVE
A2546,C1481,CARD,EUR,2025-07-30,ACTIVE
A2547,C1318,SAVINGS,USD,2024-07-30,CLOSED
A2548,C1411,SAVINGS,GBP,2022-09-22,ACTIVE
A2549,C1059,SAVINGS,EUR,2022-09-20,ACTIVE
A2550,C1334,CARD,GBP,2025-08-23,ACTIVE
A2551,C1221,CARD,USD,2024-02-23,ACTIVE
A2552,C1036,CARD,USD,2023-03-14,ACTIVE
A2553,C1476,LOAN,EUR,2024-06-25,ACTIVE
A2554,C1277,LOAN,EUR,2025-08-21,ACTIVE
A2555,C1195,CARD,EUR,2023-04-01,ACTIVE
A2556,C1403,CARD,GBP,2024-09-19,ACTIVE
A2557,C1351,CARD,GBP,2022-12-27,CLOSED
A2558,C1483,SAVINGS,GBP,2023-08-29,ACTIVE
A2559,C1241,SAVINGS,EUR,2024-04-25,ACTIVE
A2560,C1323,CARD,USD,2023-01-24,ACTIVE
A2561,C1218,CARD,USD,2023-02-14,ACTIVE
A2562,C1191,SAVINGS,GBP,2023-02-15,ACTIVE
A2563,C1016,SAVINGS,GBP,2024-01-07,CLOSED
A2564,C1011,CARD,USD,2024-03-31,ACTIVE
A2565,C1405,CARD,USD,2023-12-16,ACTIVE
A2566,C1400,CARD,GBP,2023-04-09,ACTIVE
A2567,C1393,CARD,GBP,2024-04-24,ACTIVE
A2568,C1373,CARD,USD,2023-04-02,ACTIVE
A2569,C1192,CARD,EUR,2025-05-31,ACTIVE
A2570,C1021,SAVINGS,GBP,2025-07-25,ACTIVE
A2571,C1473,CARD,USD,2023-04-17,ACTIVE
A2572,C1119,SAVINGS,USD,2022-12-23,ACTIVE
A2573,C1209,CARD,USD,2024-12-10,ACTIVE
A2574,C1305,CARD,USD,2025-01-30,ACTIVE
A2575,C1269,CARD,EUR,2022-09-21,ACTIVE
A2576,C1191,CARD,USD,2025-04-13,CLOSED
A2577,C1174,SAVINGS,GBP,2025-06-13,ACTIVE
A2578,C1284,LOAN,EUR,2023-05-20,ACTIVE
A2579,C1203,CARD,USD,2024-07-22,ACTIVE
A2580,C1163,CARD,EUR,2024-03-06,ACTIVE
A2581,C1250,SAVINGS,GBP,2023-08-04,ACTIVE
A2582,C1226,CARD,USD,2025-05-10,ACTIVE
A2583,C1435,CARD,GBP,2023-05-01,ACTIVE
A2584,C1380,SAVINGS,USD,2024-06-08,CLOSED
A2585,C1459,CARD,USD,2025-04-22,ACTIVE
A2586,C1006,CARD,USD,2025-08-09,ACTIVE
A2587,C1028,CARD,USD,2024-07-26,ACTIVE
A2588,C1394,SAVINGS,USD,2023-08-11,ACTIVE
A2589,C1032,CARD,EUR,2023-01-20,ACTIVE
A2590,C1133,CARD,USD,2023-02-11,ACTIVE
A2591,C1366,SAVINGS,USD,2023-04-13,ACTIVE
A2592,C1078,CARD,EUR,2023-03-18,ACTIVE
A2593,C1415,SAVINGS,EUR,2025-03-11,ACTIVE
A2594,C1434,CARD,EUR,2024-04-26,ACTIVE
A2595,C1458,LOAN,EUR,2024-03-07,ACTIVE
A2596,C1057,CARD,EUR,2024-07-06,ACTIVE
A2597,C1470,CARD,EUR,2024-01-09,CLOSED
A2598,C1025,CARD,USD,2023-04-13,ACTIVE
A2599,C1481,CARD,USD,2023-09-27,ACTIVE
A2600,C1429,SAVINGS,GBP,2023-11-12,CLOSED
A2601,C1225,LOAN,USD,2025-06-05,ACTIVE
A2602,C1284,CARD,USD,2023-01-16,ACTIVE
A2603,C1003,CARD,EUR,2023-09-28,ACTIVE
A2604,C1464,SAVINGS,EUR,2025-01-14,ACTIVE
A2605,C1098,SAVINGS,USD,2025-03-29,ACTIVE
A2606,C1396,CARD,GBP,2025-03-28,ACTIVE
A2607,C1488,CARD,EUR,2025-04-08,ACTIVE
A2608,C1038,CARD,USD,2023-11-24,ACTIVE
A2609,C1270,CARD,USD,2025-08-15,CLOSED
A2610,C1374,CARD,GBP,2022-10-19,ACTIVE
A2611,C1284,CARD,GBP,2025-06-26,ACTIVE
A2612,C1156,CARD,EUR,2023-12-20,CLOSED
A2613,C1074,SAVINGS,GBP,2023-07-24,ACTIVE
A2614,C1371,CARD,USD,2024-11-20,CLOSED
A2615,C1287,CARD,USD,2025-04-07,ACTIVE
A2616,C1129,CARD,GBP,2024-11-07,ACTIVE
A2617,C1174,CARD,GBP,2023-06-28,ACTIVE
A2618,C1461,CARD,GBP,2024-05-08,ACTIVE
A2619,C1083,CARD,GBP,2023-12-11,ACTIVE
A2620,C1021,CARD,EUR,2025-06-07,CLOSED
A2621,C1458,CARD,GBP,2022-12-01,ACTIVE
A2622,C1026,CARD,EUR,2023-09-14,ACTIVE
A2623,C1194,CARD,USD,2024-10-15,CLOSED
A2624,C1336,SAVINGS,GBP,2024-04-29,ACTIVE
A2625,C1381,CARD,EUR,2023-03-02,ACTIVE
A2626,C1235,SAVINGS,GBP,2023-09-17,CLOSED
A2627,C1439,CARD,USD,2024-10-23,ACTIVE
A2628,C1091,CARD,USD,2025-05-26,ACTIVE
A2629,C1476,CARD,USD,2025-03-18,CLOSED
A2630,C1020,CARD,GBP,2022-12-27,ACTIVE
A2631,C1302,SAVINGS,GBP,2024-12-06,ACTIVE
A2632,C1463,SAVINGS,EUR,2022-09-26,ACTIVE
A2633,C1356,SAVINGS,USD,2024-03-21,ACTIVE
A2634,C1442,CARD,GBP,2024-01-12,CLOSED
A2635,C1083,CARD,USD,2023-04-01,ACTIVE
A2636,C1261,CARD,USD,2024-04-30,ACTIVE
A2637,C1146,CARD,EUR,2025-02-06,ACTIVE
A2638,C1440,CARD,EUR,2024-06-22,ACTIVE
A2639,C1452,CARD,EUR,2024-03-28,ACTIVE
A2640,C1386,CARD,EUR,2025-01-03,ACTIVE
A2641,C1256,CARD,USD,2025-08-03,ACTIVE
A2642,C1057,SAVINGS,EUR,2023-06-03,ACTIVE
A2643,C1379,LOAN,EUR,2024-09-08,ACTIVE
A2644,C1421,LOAN,EUR,2022-12-30,ACTIVE
A2645,C1014,CARD,EUR,2022-10-03,ACTIVE
A2646,C1161,CARD,USD,2025-03-08,ACTIVE
A2647,C1444,CARD,EUR,2022-12-21,ACTIVE
A2648,C1162,SAVINGS,USD,2022-09-29,ACTIVE
A2649,C1319,CARD,GBP,2023-10-20,ACTIVE
A2650,C1496,CARD,USD,2023-08-09,ACTIVE
A2651,C1280,SAVINGS,USD,2022-11-08,ACTIVE
A2652,C1279,CARD,EUR,2022-12-10,ACTIVE
A2653,C1011,CARD,GBP,2024-05-18,ACTIVE
A2654,C1273,CARD,GBP,2024-11-02,ACTIVE
A2655,C1270,CARD,GBP,2023-11-27,CLOSED
A2656,C1491,CARD,GBP,2025-05-11,ACTIVE
A2657,C1207,CARD,USD,2024-10-25,ACTIVE
A2658,C1026,CARD,GBP,2024-06-14,CLOSED
A2659,C1071,CARD,USD,2024-06-27,ACTIVE
A2660,C1059,SAVINGS,USD,2025-09-02,CLOSED
A2661,C1429,CARD,USD,2024-05-24,ACTIVE
A2662,C1472,CARD,GBP,2023-01-14,ACTIVE
A2663,C1144,CARD,EUR,2025-05-30,ACTIVE
A2664,C1092,LOAN,EUR,2024-12-19,ACTIVE
A2665,C1308,CARD,GBP,2024-12-21,ACTIVE
A2666,C1007,CARD,EUR,2025-04-21,ACTIVE
A2667,C1078,SAVINGS,EUR,2023-05-03,ACTIVE
A2668,C1026,SAVINGS,USD,2023-11-13,ACTIVE
A2669,C1173,CARD,USD,2023-01-15,ACTIVE
A2670,C1049,SAVINGS,GBP,2024-01-02,ACTIVE
A2671,C1499,CARD,GBP,2023-01-08,CLOSED
A2672,C1198,CARD,EUR,2024-11-10,ACTIVE
A2673,C1386,CARD,USD,2023-07-20,ACTIVE
A2674,C1348,CARD,GBP,2023-05-07,ACTIVE
A2675,C1447,SAVINGS,GBP,2024-12-19,ACTIVE
A2676,C1427,CARD,GBP,2024-01-28,ACTIVE
A2677,C1180,CARD,GBP,2024-05-06,ACTIVE
A2678,C1023,SAVINGS,GBP,2025-03-06,ACTIVE
A2679,C1315,SAVINGS,GBP,2025-05-20,ACTIVE
A2680,C1377,CARD,EUR,2025-06-13,ACTIVE
A2681,C1386,CARD,USD,2025-07-31,ACTIVE
A2682,C1403,CARD,USD,2025-06-03,ACTIVE
A2683,C1045,SAVINGS,GBP,2022-12-19,ACTIVE
A2684,C1014,CARD,USD,2024-01-02,ACTIVE
A2685,C1152,LOAN,USD,2025-08-28,ACTIVE
A2686,C1221,CARD,USD,2024-07-18,ACTIVE
A2687,C1205,CARD,GBP,2023-09-13,ACTIVE
A2688,C1454,CARD,GBP,2022-12-06,ACTIVE
A2689,C1272,CARD,USD,2023-09-22,ACTIVE
A2690,C1381,CARD,USD,2023-01-19,ACTIVE
A2691,C1235,LOAN,GBP,2024-07-13,ACTIVE
A2692,C1339,CARD,EUR,2023-03-07,ACTIVE
A2693,C1227,CARD,USD,2024-08-12,ACTIVE
A2694,C1008,SAVINGS,EUR,2025-04-16,ACTIVE
A2695,C1165,CARD,USD,2025-04-10,ACTIVE
A2696,C1431,SAVINGS,EUR,2022-12-02,ACTIVE
A2697,C1443,CARD,EUR,2024-01-01,ACTIVE
A2698,C1318,CARD,EUR,2025-07-08,ACTIVE
A2699,C1213,CARD,GBP,2025-06-26,CLOSED
A2700,C1116,CARD,EUR,2023-06-07,ACTIVE
A2701,C1385,LOAN,EUR,2023-03-12,ACTIVE
A2702,C1343,CARD,EUR,2022-09-27,ACTIVE
A2703,C1071,CARD,USD,2023-04-09,ACTIVE
A2704,C1394,CARD,EUR,2025-09-01,ACTIVE
A2705,C1063,CARD,USD,2022-09-25,ACTIVE
A2706,C1204,SAVINGS,EUR,2023-05-20,ACTIVE
A2707,C1208,CARD,EUR,2024-10-18,ACTIVE
A2708,C1071,CARD,GBP,2024-02-28,ACTIVE
A2709,C1276,LOAN,USD,2024-11-28,CLOSED
A2710,C1273,CARD,EUR,2024-11-19,CLOSED
A2711,C1477,LOAN,USD,2023-10-15,ACTIVE
A2712,C1319,CARD,USD,2023-05-25,ACTIVE
A2713,C1337,CARD,GBP,2024-04-07,ACTIVE
A2714,C1365,CARD,GBP,2023-03-24,ACTIVE
A2715,C1494,SAVINGS,GBP,2023-10-30,ACTIVE
A2716,C1094,LOAN,GBP,2023-03-10,ACTIVE
A2717,C1165,CARD,GBP,2022-10-23,ACTIVE
A2718,C1031,CARD,GBP,2024-02-10,CLOSED
A2719,C1010,CARD,GBP,2024-07-05,ACTIVE
A2720,C1300,CARD,GBP,2023-11-04,ACTIVE
A2721,C1216,CARD,EUR,2024-11-29,ACTIVE
A2722,C1288,LOAN,USD,2022-12-16,ACTIVE
A2723,C1101,CARD,GBP,2023-10-21,ACTIVE
A2724,C1424,CARD,GBP,2025-02-19,ACTIVE
A2725,C1391,CARD,USD,2025-05-09,ACTIVE
A2726,C1266,CARD,EUR,2023-01-05,ACTIVE
A2727,C1213,CARD,USD,2024-10-17,ACTIVE
A2728,C1178,CARD,USD,2024-08-15,ACTIVE
A2729,C1087,SAVINGS,GBP,2024-11-09,ACTIVE
A2730,C1040,CARD,USD,2024-03-20,ACTIVE
A2731,C1400,CARD,USD,2022-12-03,ACTIVE
A2732,C1075,CARD,GBP,2024-10-23,ACTIVE
A2733,C1376,SAVINGS,GBP,2025-02-04,ACTIVE
A2734,C1045,SAVINGS,GBP,2023-05-25,ACTIVE
A2735,C1159,CARD,GBP,2024-04-01,CLOSED
A2736,C1462,SAVINGS,USD,2023-05-10,ACTIVE
A2737,C1079,CARD,USD,2023-10-09,ACTIVE
A2738,C1309,CARD,EUR,2023-02-14,ACTIVE
A2739,C1085,CARD,EUR,2025-02-15,ACTIVE
A2740,C1091,CARD,USD,2025-07-21,ACTIVE
A2741,C1147,CARD,EUR,2023-03-06,ACTIVE
A2742,C1160,LOAN,USD,2023-08-28,ACTIVE
A2743,C1201,SAVINGS,EUR,2024-11-06,ACTIVE
A2744,C1423,CARD,GBP,2022-09-11,CLOSED
A2745,C1415,CARD,EUR,2022-11-15,ACTIVE
A2746,C1241,CARD,GBP,2022-09-27,ACTIVE
A2747,C1352,CARD,GBP,2023-09-22,CLOSED
A2748,C1001,CARD,GBP,2022-11-18,ACTIVE
A2749,C1224,CARD,GBP,2024-09-09,ACTIVE
A2750,C1288,CARD,EUR,2024-03-26,ACTIVE
A2751,C1232,SAVINGS,USD,2024-04-24,ACTIVE
A2752,C1460,CARD,GBP,2023-04-29,ACTIVE
A2753,C1413,CARD,EUR,2023-06-13,ACTIVE
A2754,C1416,SAVINGS,GBP,2022-11-01,ACTIVE
A2755,C1076,CARD,EUR,2025-01-13,ACTIVE
A2756,C1115,CARD,EUR,2025-06-22,ACTIVE
A2757,C1153,CARD,EUR,2024-06-20,ACTIVE
A2758,C1405,CARD,USD,2023-08-22,ACTIVE
A2759,C1102,SAVINGS,EUR,2024-01-20,CLOSED
A2760,C1193,CARD,EUR,2023-09-28,ACTIVE
A2761,C1165,CARD,USD,2024-06-15,CLOSED
A2762,C1358,SAVINGS,USD,2024-01-18,CLOSED
A2763,C1089,SAVINGS,EUR,2023-11-03,ACTIVE
A2764,C1173,SAVINGS,USD,2023-01-06,ACTIVE
A2765,C1121,CARD,GBP,2025-02-11,ACTIVE
A2766,C1497,CARD,GBP,2024-04-09,ACTIVE
A2767,C1142,LOAN,USD,2023-03-12,ACTIVE
A2768,C1481,SAVINGS,USD,2024-10-26,ACTIVE
A2769,C1105,CARD,EUR,2025-07-19,ACTIVE
A2770,C1374,CARD,USD,2022-11-28,CLOSED
A2771,C1427,CARD,EUR,2023-06-13,CLOSED
A2772,C1304,LOAN,GBP,2023-08-20,ACTIVE
A2773,C1359,CARD,USD,2024-11-17,ACTIVE
A2774,C1458,CARD,EUR,2022-11-18,ACTIVE
A2775,C1316,CARD,EUR,2024-05-22,ACTIVE
A2776,C1450,CARD,GBP,2022-12-24,ACTIVE
A2777,C1122,SAVINGS,USD,2024-08-30,ACTIVE
A2778,C1389,CARD,GBP,2023-11-20,ACTIVE
A2779,C1008,SAVINGS,EUR,2024-01-03,CLOSED
A2780,C1261,LOAN,EUR,2024-01-29,ACTIVE
A2781,C1072,CARD,USD,2023-01-20,ACTIVE
A2782,C1358,CARD,EUR,2025-01-14,ACTIVE
A2783,C1222,CARD,USD,2024-08-17,ACTIVE
A2784,C1415,SAVINGS,GBP,2022-09-20,ACTIVE
A2785,C1040,CARD,USD,2024-04-03,CLOSED
A2786,C1369,CARD,USD,2023-07-16,ACTIVE
A2787,C1203,SAVINGS,EUR,2023-12-04,ACTIVE
A2788,C1263,CARD,EUR,2025-01-30,ACTIVE
A2789,C1327,LOAN,USD,2023-12-24,ACTIVE
A2790,C1177,CARD,EUR,2025-05-02,ACTIVE
A2791,C1347,CARD,EUR,2023-09-19,ACTIVE
A2792,C1317,CARD,EUR,2024-08-28,ACTIVE
A2793,C1083,SAVINGS,USD,2024-04-02,ACTIVE
A2794,C1317,CARD,EUR,2025-03-15,ACTIVE
A2795,C1110,SAVINGS,USD,2024-10-13,ACTIVE
A2796,C1250,LOAN,EUR,2023-07-08,CLOSED
A2797,C1382,CARD,GBP,2025-01-04,ACTIVE
A2798,C1006,LOAN,EUR,2023-09-23,ACTIVE
A2799,C1458,CARD,EUR,2023-04-29,ACTIVE
